avg,secAvg,safAvg
10299,13902.5,6695.5
4384,4922,3846
4150.833333333333,4194,4129.25
3456.3333333333335,3252.6666666666665,3660
3985,4900,3802
2798.1666666666665,2467.75,3459
