avg,secAvg,safAvg
10299,13902.5,6695.5
6100.5,9556.166666666666,6077.833333333333
5167.583333333333,8972.083333333332,5648.708333333333
4317.597222222222,6243.36111111111,5542.902777777777
4704.599537037037,11143.36111111111,4910.580555555555
3582.2665895061727,5253.590277777777,5914.290277777778
