avgPercent,secPercent,safPercent
0.4,0.6666666666666666,0
0.5,0,1
1,1,1
0.8333333333333334,0.6666666666666666,1
1,1,1
0.8333333333333334,0.75,1
