avg,secAvg,safAvg
6679.8,2699,9333.666666666666
4619.3,4371,6651.888888888888
3393.883333333333,7208,3911.7777777777774
